{
  "version": 1,
  "author": "Anonymous maker",
  "editor": "wokwi",
  "parts": [
    { "type": "board-esp32-devkit-c-v4", "id": "esp", "top": 0, "left": 0, "attrs": {} },
    { "type": "wokwi-led", "id": "led2", "top": -3.6, "left": 147.8, "attrs": { "color": "red" } },
    {
      "type": "wokwi-resistor",
      "id": "r2",
      "top": 90.35,
      "left": 134.4,
      "rotate": 90,
      "attrs": { "value": "1000" }
    }
  ],
  "connections": [
    [ "esp:TX", "$serialMonitor:RX", "", [] ],
    [ "esp:RX", "$serialMonitor:TX", "", [] ],
    [ "led2:C", "r2:1", "green", [ "v28.8", "h0.4" ] ],
    [ "r2:2", "esp:GND.2", "green", [ "h-38.95", "v-96.35", "h-28.8" ] ],
    [ "led2:A", "esp:4", "green", [ "v105.6", "h-76.8" ] ]
  ],
  "dependencies": {}
}