{
  "version": 1,
  "author": "Anonymous maker",
  "editor": "wokwi",
  "parts": [
    { "type": "board-esp32-devkit-c-v4", "id": "esp", "top": 0, "left": -4.76, "attrs": {} },
    { "type": "wokwi-led", "id": "led2", "top": -3.6, "left": 147.8, "attrs": { "color": "red" } },
    {
      "type": "wokwi-resistor",
      "id": "r2",
      "top": 90.35,
      "left": 134.4,
      "rotate": 90,
      "attrs": { "value": "1000" }
    },
    {
      "type": "wokwi-led",
      "id": "led1",
      "top": -13.2,
      "left": 195.8,
      "attrs": { "color": "red" }
    },
    { "type": "wokwi-led", "id": "led4", "top": 15.6, "left": 291.8, "attrs": { "color": "red" } },
    {
      "type": "wokwi-led",
      "id": "led5",
      "top": -13.2,
      "left": 253.4,
      "attrs": { "color": "red" }
    },
    {
      "type": "wokwi-resistor",
      "id": "r1",
      "top": 100.8,
      "left": 277.85,
      "rotate": 90,
      "attrs": { "value": "1000" }
    },
    {
      "type": "wokwi-resistor",
      "id": "r3",
      "top": 72,
      "left": 239.45,
      "rotate": 90,
      "attrs": { "value": "1000" }
    },
    {
      "type": "wokwi-resistor",
      "id": "r4",
      "top": 62.4,
      "left": 181.85,
      "rotate": 90,
      "attrs": { "value": "1000" }
    }
  ],
  "connections": [
    [ "esp:TX", "$serialMonitor:RX", "", [] ],
    [ "esp:RX", "$serialMonitor:TX", "", [] ],
    [ "led2:C", "r2:1", "green", [ "v28.8", "h0.4" ] ],
    [ "r2:2", "esp:GND.2", "green", [ "h-38.95", "v-96.35", "h-28.8" ] ],
    [ "led2:A", "esp:4", "green", [ "v105.6", "h-76.8" ] ],
    [ "r4:1", "led1:C", "green", [ "h0", "v-9.6" ] ],
    [ "r3:1", "led5:C", "green", [ "h0", "v-19.2" ] ],
    [ "led4:C", "r1:1", "green", [ "v19.2", "h0.4" ] ],
    [ "r4:2", "esp:GND.3", "green", [ "h-96", "v-10.8", "h0" ] ],
    [ "r3:2", "esp:GND.3", "green", [ "h-76.8", "v-10.8", "h-76.8", "v19.2" ] ],
    [ "r1:2", "esp:GND.2", "green", [ "h-9.6", "v-164.4", "h-172.8", "v57.6" ] ],
    [ "led1:A", "esp:16", "green", [ "v105.6", "h-124.8" ] ],
    [ "led5:A", "esp:2", "green", [ "v134.4", "h-182.4" ] ],
    [ "led4:A", "esp:15", "green", [ "v115.2", "h-220.8" ] ]
  ],
  "dependencies": {}
}